month,scenario,customers,new_customers,churned_customers,seats_per_customer,credits_per_customer,seat_revenue,credit_revenue,total_revenue,grr_mrr,nrr_mrr,cogs,ai_cogs,gross_profit,gross_margin_pct,opex_rnd,opex_s_and_m,opex_g_and_a,opex_total,ebitda,ebitda_margin_pct,mrr,arr
2026-01,base,43.2,45.0,1.8,4.04,2532.4999999999995,17278.272,1312.848,18591.120000000003,,,4254.152400000001,164.106,14336.967600000002,0.7711728825374695,180000.0,220000.0,90000.0,490000.0,-475663.0324,-25.585496322975697,18591.120000000003,223093.44000000003
2026-02,base,84.672,45.0,3.5280000000000005,4.059787755102041,2548.625306122449,34031.284531200006,2589.56642304,36620.850954240006,1.9401882188915995,1.9698033767863368,8380.2830128128,323.69580288,28240.567941427205,0.7711608880065491,180000.0,220000.0,90000.0,490000.0,-461759.43205857277,-12.609194489652069,36620.850954240006,439450.21145088004
2026-03,base,124.48512,45.0,5.18688,4.079430041088284,2564.6636555691275,50275.00548145152,3831.149555077938,54106.15503652945,1.448100187138334,1.4774685357295056,12382.247802421221,478.8936943847422,41723.907234108236,0.7711489978531756,180000.0,220000.0,90000.0,490000.0,-448276.09276589175,-8.285121950788053,54106.15503652945,649273.8604383534
2026-04,base,162.7057152,45.0,6.7794048,4.098923973847644,2580.612238650582,66024.9173148154,5038.564319322193,71063.48163413758,1.2810489791485642,1.313408457617428,16263.786499425543,629.8205399152741,54799.69513471204,0.7711372124552265,180000.0,220000.0,90000.0,490000.0,-435200.30486528797,-6.124106149285905,71063.48163413758,852761.7796096511
2026-05,base,200.161898496,45.0,7.543816704,4.122488866943248,2599.938904186214,81691.35461546245,6244.90448442627,87936.25909988872,1.1998985526531585,1.237432462887461,20126.590062528805,780.6130605532836,67809.66903735991,0.7711229671520757,180000.0,220000.0,90000.0,490000.0,-422190.3309626401,-4.801094966787988,87936.25909988872,1055235.1091986645
2026-06,base,236.86895812608,45.0,8.29294036992,4.1481726397180765,2621.0592929114578,97274.75979841605,7450.171006783405,104724.93080519946,1.147492253986931,1.1909186480884992,23970.756152991806,931.2713758479254,80754.17465220766,0.7711074529370643,180000.0,220000.0,90000.0,490000.0,-409245.82534779236,-3.9078166220900843,104724.93080519946,1256699.1696623936
2026-07,base,272.8418765635584,45.0,9.0270815625216,4.175118628049612,2643.2785144449804,112775.57293390001,8654.36484193564,121429.93777583566,1.1098659939177078,1.1595131822212368,27796.3819159258,1081.795605241955,93633.55585990986,0.771091195259945,180000.0,220000.0,90000.0,490000.0,-396366.44414009014,-3.264157516672683,121429.93777583566,1457159.253310028
2026-08,base,308.09533663228723,45.0,9.746539931271169,4.202891364896192,2666.2436840503947,128194.2317597659,9857.486944574592,138051.71870434048,1.0808587718099991,1.136883714452603,31603.563983026732,1232.185868071824,106448.15472131375,0.771074461950664,180000.0,220000.0,90000.0,490000.0,-383551.84527868626,-2.7783199577552744,138051.71870434048,1656620.6244520857
2026-09,base,342.6437274996415,45.0,10.451609132645745,4.2312457480808785,2689.7564877972186,143531.1716938547,11059.538268542196,154590.7099623969,1.0573300302581308,1.1198028638345119,35392.3984752951,1382.4422835677747,119198.3114871018,0.7710574038769596,180000.0,220000.0,90000.0,490000.0,-370801.68851289817,-2.3986026624956507,154590.7099623969,1855088.519548763
2026-10,base,376.5011505496486,45.0,11.14257694999283,4.260033015673961,2713.696834864141,158786.82584629284,12260.519766831467,171047.34561312431,1.0375105345797553,1.1064529405080703,39162.98100574128,1532.5649708539331,131884.36460738303,0.7710401125176166,180000.0,220000.0,90000.0,490000.0,-358115.63539261697,-2.093663798809276,171047.34561312431,2052568.1473574918
2026-11,base,409.68142513865564,45.0,11.819725410992973,4.289157437486578,2737.987691092661,173961.625031723,13460.43239158726,187422.05742331027,1.0203273630671075,1.0957320427948782,42915.40668207666,1682.5540489484079,144506.6507412336,0.7710226465759673,180000.0,220000.0,90000.0,490000.0,-345493.3492587664,-1.8433974848458594,187422.05742331027,2249064.6890797233
2026-12,base,442.19809423588254,45.0,12.483330902773114,4.31855444005714,2762.5773164397106,189055.99778147045,14659.277094107023,203715.27487557748,1.005091880509135,1.0869332973731447,46649.770109390425,1832.409636763378,157065.50476618705,0.7710050454592442,180000.0,220000.0,90000.0,490000.0,-332934.49523381295,-1.6343128684736983,203715.27487557748,2444583.2985069295
2027-01,base,474.06442995116487,45.0,13.133664284717652,4.348178732776003,2787.429623310035,204070.3703556442,15857.054824841543,219927.42518048576,0.9913417012177486,1.0795823990852436,50366.165392812065,1982.1318531051932,169561.2597876737,0.7709873366112547,180000.0,220000.0,90000.0,490000.0,-320438.7402123263,-1.4570203781968294,219927.42518048576,2639129.1021658294
2027-02,base,505.29343895214157,45.0,13.770990999023297,4.377997478366123,2812.5186308839284,219005.1667551748,17053.766533395705,236058.93328857052,0.9787547179118795,1.0733492337067387,54064.686140159974,2131.7208166744635,181994.24714841053,0.7709695397374835,180000.0,220000.0,90000.0,490000.0,-308005.75285158947,-1.3047832952590168,236058.93328857052,2832707.1994628464
2027-03,base,535.8978677730987,45.0,14.395571179042832,4.407986172937268,2837.8251196078236,233860.80873378797,18249.41316852926,252110.22190231722,0.9670995648881613,1.0679969547863915,57745.42546457595,2281.1766460661574,194364.79643774126,0.7709516693577382,180000.0,220000.0,90000.0,490000.0,-295635.20356225874,-1.1726426692718779,252110.22190231722,3025322.6628278065
2027-04,base,565.8902080176367,45.0,15.007659755461974,4.438126059268639,2863.334530660929,248637.71580991443,19443.995678157546,268081.71148807195,0.9562056897039187,1.063351217833377,61408.475987145524,2430.499459769693,206673.2355009264,0.7709337364108934,180000.0,220000.0,90000.0,490000.0,-283326.7644990736,-1.0568671877181743,268081.71148807195,3216980.5378568633
2027-05,base,595.282701457284,45.0,15.607506560352734,4.468402446550948,2889.0356014644403,263336.3052785374,20637.515009352257,283973.8202878896,0.945944538376637,1.0592808390829926,65053.929839504744,2579.689376169032,218919.8904483849,0.7709157492984609,180000.0,220000.0,90000.0,490000.0,-271080.1095516151,-0.9545954245951157,283973.8202878896,3407685.8434546757
2027-06,base,624.0873450281383,45.0,16.19535642914568,4.498803586482089,2914.919452949058,277956.9922229767,21829.97210834221,299786.9643313189,0.9362173200066811,1.0556852178394407,68681.87866643294,2728.746513542776,231105.085664886,0.7708977145833232,180000.0,220000.0,90000.0,490000.0,-258894.914335114,-0.8635963038372416,299786.9643313189,3597443.571975827
2027-07,base,652.3158957275756,45.0,16.771449300562765,4.529319902070206,2940.978963221064,292500.1895266105,23021.367920514058,315521.55744712456,0.926946814381269,1.0524859149593178,72292.41362843166,2877.6709900642572,243229.1438186929,0.7708796374696315,180000.0,220000.0,90000.0,490000.0,-246770.8561813071,-0.782104583211121,315521.55744712456,3786258.689365495
2027-08,base,679.979875413024,45.0,17.336020314551508,4.55994344645582,2967.208328004651,306966.307884535,24211.703390413077,331178.0112749481,0.9180717453021944,1.0496208688702586,75885.62540429021,3026.4629238016346,255292.38587065786,0.770861522139859,180000.0,220000.0,90000.0,490000.0,-234707.61412934214,-0.7087053069307944,331178.0112749481,3974136.135299377
2027-09,base,707.0905755047636,45.0,17.889299908260483,4.590667515529379,2993.602745967298,321355.7558151625,25400.97946174389,346756.7352769064,0.9095428286600593,1.0470403332092741,79461.6041936374,3175.122432717986,267295.131083269,0.7708433719962715,180000.0,220000.0,90000.0,490000.0,-222704.86891673098,-0.6422510257483176,346756.7352769064,4161080.823322877
2027-10,base,733.6590615946683,45.0,18.431513910095273,4.621486365683315,3020.1581894158257,335668.9396717577,26589.19707737121,362258.1367491289,0.9013199411678259,1.0447039664848723,83020.43971947976,3323.6496346714007,279237.69702964916,0.7708251898370109,180000.0,220000.0,90000.0,490000.0,-210762.30297035084,-0.5818014327068325,362258.1367491289,4347097.640989548
2027-11,base,759.6961779627749,45.0,18.96288363189337,4.652395004872677,3046.8712345206404,349906.2636539129,27776.357179320625,377682.6208332335,0.8933700557187562,1.0425787098187014,86562.22123072646,3472.044647415078,291120.39960250707,0.7708069779865562,180000.0,220000.0,90000.0,490000.0,-198879.60039749293,-0.5265786388548405,377682.6208332335,4532191.4499988025
2027-12,base,785.2125520035194,45.0,19.4836259592555,4.683389035712608,3073.738933795671,364068.1298189627,28962.460708779305,393030.590527742,0.8856657116378109,1.0406372145497407,90087.03750470065,3620.307588597413,302943.55302304134,0.7707887383937819,180000.0,220000.0,90000.0,490000.0,-187056.44697695866,-0.4759335570439658,393030.590527742,4716367.086332904
2028-01,base,810.2185985634491,45.0,19.993953440070392,4.714464536114355,3100.758719061492,378154.93809333775,30147.508606096766,408302.44669943454,0.878183864834986,1.0388566603713625,93594.9768496377,3768.4385757620958,314707.46984979685,0.7707704727066302,180000.0,220000.0,90000.0,490000.0,-175292.53015020315,-0.4293203030430087,408302.44669943454,4899629.360393215
2028-02,base,834.7245241921801,45.0,20.494074371268983,4.745617967401353,3127.9283267242417,392167.0862838586,31331.501810785616,423498.5880946442,0.8709050121554445,1.0372178553375069,97086.12710716993,3916.437726348202,326412.46098747425,0.770752182329654,180000.0,220000.0,90000.0,490000.0,-163587.53901252575,-0.38627646847305885,423498.5880946442,5081983.05713573
2028-03,base,858.7403313083364,45.0,20.984192883843605,4.776846102813602,3155.2457396118816,406104.9700889697,32514.44126152229,438619.411350492,0.8638125165498697,1.0357045423076323,100560.57565479852,4064.3051576902863,338058.83569569344,0.7707338684688476,180000.0,220000.0,90000.0,490000.0,-151941.16430430656,-0.34640775207938396,438619.411350492,5263432.936205904
2028-04,base,882.2758222821698,45.0,21.46450902616673,4.808145971325807,3182.7091412473505,419968.9831099136,33696.32789614781,453665.3110060614,0.8568920813034208,1.0343028586200589,104018.40940835199,4212.040987018478,349646.9015977094,0.7707155321669233,180000.0,220000.0,90000.0,490000.0,-140353.0984022906,-0.30937586585811355,453665.3110060614,5443983.732072737
2028-05,base,905.3406034365263,45.0,21.935218845643398,4.839514813098688,3210.316879570007,433759.5168618466,34877.16265166852,468636.67951351515,0.8501313362678664,1.0330009109011504,107459.7148244319,4359.645331458565,361176.9646890833,0.7706971743313301,180000.0,220000.0,90000.0,490000.0,-128823.03531091672,-0.2748889298307721,468636.67951351515,5623640.154162182
2028-06,base,927.9440889677958,45.0,22.39651446873053,4.870950043860223,3238.067437910418,447476.9607848944,36056.946464256805,483533.9072491512,0.843519509208371,1.0317884373692232,110884.57790284537,4507.118308032101,372649.3293463058,0.7706787957566961,180000.0,220000.0,90000.0,490000.0,-117350.6706536942,-0.24269377781861892,483533.9072491512,5802406.886989814
2028-07,base,950.0955047884398,45.0,22.848584179355917,4.90244922620848,3265.9594115877203,461121.70225515,37235.68026925189,498357.3825244019,0.8370471625091723,1.0306565373245118,114293.0841890249,4654.460033656486,384064.298335377,0.7706603971429509,180000.0,220000.0,90000.0,490000.0,-105935.70166462299,-0.2125697448847081,498357.3825244019,5980288.590292823
2028-08,base,971.8038922926711,45.0,23.2916124957688,4.934010046327757,3293.9914889048987,474694.1265956132,38413.365001160535,513107.49159677373,0.8307059805548423,1.0295974527309217,117685.31877643529,4801.670625145067,395422.17282033846,0.7706419791100644,180000.0,220000.0,90000.0,490000.0,-94577.82717966154,-0.18432361391828142,513107.49159677373,6157289.899161285
2028-09,base,993.0781120468176,45.0,23.72578024585342,4.9656302949740105,3322.162435613067,488194.61708707205,39590.001593657784,527784.6186807299,0.8244885967566419,1.0286043905503726,121061.3663089678,4948.750199207223,406723.25237176206,0.770623542210121,180000.0,220000.0,90000.0,490000.0,-83276.74762823794,-0.15778547665219878,527784.6186807299,6333415.424168758
2028-10,base,1013.9268474058813,45.0,24.151264640936354,4.997307851853749,3350.4710821336153,501623.5549789261,40765.5909795877,542389.1459585138,0.8183884518548131,1.027671377226358,124421.31098332151,5095.698872448462,417967.8349751923,0.7706050869372703,180000.0,220000.0,90000.0,490000.0,-72032.16502480768,-0.13280532171696013,542389.1459585138,6508669.751502166
2028-11,base,1034.3586080577636,45.0,24.56823934811763,5.02904067272,3378.916312989038,514981.3194999533,41940.134090964144,556921.4535909174,0.8123996770877687,1.0267931387283238,127765.23655137233,5242.516761370518,429156.21703954507,0.7705866137359805,180000.0,220000.0,90000.0,490000.0,-60843.78296045493,-0.10925020497620709,556921.4535909174,6683057.443091009
2028-12,base,1054.3817334966084,45.0,24.976874561155277,5.060826778658753,3407.497058014848,528268.287869019,43113.63185897146,571381.9197279904,0.8065169972774783,1.0259650010676278,131093.2263225293,5389.203982371432,440288.6934054611,0.7705681230079227,180000.0,220000.0,90000.0,490000.0,-49711.30659453891,-0.08700188941610938,571381.9197279904,6856583.036735885
2026-01,upside,54.3375,56.25,1.9125,4.048,2539.0,21775.8618,1655.5549500000002,23431.41675,,,5361.85605375,206.94436875000002,18069.560696250002,0.7711680812578268,180000.0,220000.0,90000.0,490000.0,-471930.43930375,-20.140926361345606,23431.41675,281177.001
2026-02,upside,106.827525,56.25,3.759975,4.071867963377416,2558.4617062054936,43063.7700887856,3279.7695825745204,46343.539671360115,1.942201196604981,1.977837711044942,10605.54992552104,409.97119782181505,35737.98974583908,0.7711536494465232,180000.0,220000.0,90000.0,490000.0,-454262.0102541609,-9.802056844934757,46343.539671360115,556122.4760563214
2026-03,upside,157.53288915,56.25,5.544635850000001,4.095643636817844,2577.8940558397417,63874.65892863608,4873.2371824685515,68747.89611110464,1.4480769327029361,1.4834407686297257,15733.69179225159,609.1546478085689,53014.20431885305,0.7711392976037535,180000.0,220000.0,90000.0,490000.0,-436985.79568114696,-6.356351545288409,68747.89611110464,824974.7533332556
2026-04,upside,206.51427091889997,56.25,7.2686182311,4.119323868428359,2597.29419451648,84219.21737136321,6436.539803309548,90655.75717467276,1.2796766794037358,1.3186695492202767,20748.8340538417,804.5674754136937,69906.92312083107,0.7711250261374634,180000.0,220000.0,90000.0,490000.0,-420093.0768791689,-4.6339371041791235,90655.75717467276,1087869.086096073
2026-05,upside,254.66296919772867,56.25,8.1013017211713,4.148001479898684,2620.857973047354,104577.89493764959,8009.225679141358,112587.12061679094,1.1966854423729987,1.2419191469534747,25770.319745586676,1001.1532098926698,86816.80087120426,0.7711077465663212,180000.0,220000.0,90000.0,490000.0,-403183.19912879576,-3.5810774529095304,112587.12061679094,1351045.4474014912
2026-06,upside,301.9931396058173,56.25,8.919829591911387,4.179327712150774,2646.6801924309693,124950.70142616694,9591.351130137085,134542.05255630403,1.1426624712248996,1.1950039384543847,30798.17045365402,1198.9188912671357,103743.88210265001,0.7710888910308143,180000.0,220000.0,90000.0,490000.0,-386256.11789735,-2.8708950886244806,134542.05255630403,1614504.6306756483
2026-07,upside,348.5186971169684,56.25,9.724442488848894,4.212276267918815,2673.9294302388594,145337.64664238738,11182.972814514778,156520.61945690215,1.103513452864087,1.1633583439750215,35832.40788233282,1397.8716018143473,120688.21157456933,0.7710690897680784,180000.0,220000.0,90000.0,490000.0,-369311.78842543066,-2.359508860282274,156520.61945690215,1878247.4334828258
2026-08,upside,394.2533201504299,56.25,10.515376966538462,4.246327438044281,2702.1855993689055,165738.74039858783,12784.147730566445,178522.88812915428,1.073033795590929,1.1405710554212982,40873.053854734746,1598.0184663208056,137649.83427441953,0.7710486633783075,180000.0,220000.0,90000.0,490000.0,-352350.1657255805,-1.9736974312821391,178522.88812915428,2142274.6575498516
2026-09,upside,439.2104545923226,56.25,11.292865558107309,4.281189892146701,2731.2140585050292,186153.9925138551,14394.933218699236,200548.92573255434,1.0480653523875734,1.1233793483526051,45920.13031349936,1799.3666523374045,154628.79541905498,0.7710277921172364,180000.0,220000.0,90000.0,490000.0,-335371.204580945,-1.6722662729601723,200548.92573255434,2406587.108790652
2026-10,upside,483.4033177487031,56.25,12.057136843619483,4.3166876662212665,2760.873852720515,206583.41281409038,16015.386963488898,222598.79977757926,1.0268307975659214,1.109947604877375,50973.65932150355,2001.9233704361118,171625.14045607572,0.771006585064985,180000.0,220000.0,90000.0,490000.0,-318374.8595439243,-1.4302631454529156,222598.79977757926,2671185.597330951
2026-11,upside,526.8449022314252,56.25,12.808415517277952,4.352708212481251,2791.075533015602,227027.011132014,17645.566995745536,244672.57812775954,1.0082530928955749,1.0991639594294147,56033.66306257529,2205.6958744681915,188638.91506518424,0.7709851120573207,180000.0,220000.0,90000.0,490000.0,-301361.08493481576,-1.2316912963472983,244672.57812775954,2936070.9375331146
2026-12,upside,569.5479797779409,56.25,13.546922453484227,4.389176199730918,2821.759883763576,247484.79730717026,19285.531694591784,266770.32900176203,0.9916413242627917,1.0903156007227905,61100.16384221162,2410.6914618239725,205670.1651595504,0.7709634198419119,180000.0,220000.0,90000.0,490000.0,-284329.8348404496,-1.065822559444276,266770.32900176203,3201243.9480211446
2027-01,upside,611.5251050061659,56.25,14.272874771774994,4.426039309319873,2852.8863898594377,267956.78118593205,20935.33978955345,288892.1209754855,0.9765317443939052,1.0829244843551449,66173.18408830099,2616.9174736941814,222718.9368871845,0.7709415408601046,180000.0,220000.0,90000.0,490000.0,-267281.0631128155,-0.9251933289502768,288892.1209754855,3466705.4517058255
2027-02,upside,652.7886191055111,56.25,14.98648590065482,4.463260073387227,2884.42660985008,288442.9726215058,22595.050362662696,311038.0229841685,0.9626013710583178,1.0766580339190428,71252.7463518499,2824.3812953328365,239785.2766323186,0.7709194983036637,180000.0,220000.0,90000.0,490000.0,-250214.7233676814,-0.8044505972841046,311038.0229841685,3732456.275810022
2027-03,upside,693.3506534651674,56.25,15.687965640343688,4.50081095519616,2916.360181449523,308943.38147393573,24264.722850573853,333208.10432450956,0.9496182349101261,1.0712777207353505,76338.87330771383,3033.090356321731,256869.23101679573,0.7708973091681833,180000.0,220000.0,90000.0,490000.0,-233130.76898320427,-0.6996551583155957,333208.10432450956,3998497.2518941145
2027-04,upside,733.2231332407096,56.25,16.377520224457847,4.53867126236179,2948.672315254438,329458.01761010935,25944.417046691957,355402.4346568013,0.9374113375596151,1.066608014763881,81431.58775533279,3243.0521308364946,273970.84690146847,0.7708749861717514,180000.0,220000.0,90000.0,490000.0,-216029.15309853153,-0.6078437625424337,355402.4346568013,4264829.215881616
2027-05,upside,772.4177808600675,56.25,17.055352380642063,4.57682514286975,2981.3521676210016,349986.8909037614,27634.19310331399,377621.08400707535,0.9258517740998029,1.0625168743476103,86530.91261947084,3454.274137914249,291090.1713876045,0.7708525390021667,180000.0,220000.0,90000.0,490000.0,-198909.8286123955,-0.5267444987490916,377621.08400707535,4531453.008084904
2027-06,upside,810.9461194698963,56.25,17.721661390171146,4.615260245234946,3014.391752783606,370530.0112354792,29334.111533783092,399864.1227692623,0.9148404618416461,1.0589030636906127,91636.8709509606,3666.7639417228866,308227.2518183017,0.7708299751517372,180000.0,220000.0,90000.0,490000.0,-181772.74818169832,-0.4545862902698788,399864.1227692623,4798369.473231148
2027-07,upside,848.819476323358,56.25,18.37664314653824,4.653966799458311,3047.785196635973,391087.38849270734,31044.23321465555,422131.6217073629,0.90429992670887,1.0556876640591981,96749.48592745178,3880.5291518319436,325382.13577991107,0.7708073004904568,180000.0,220000.0,90000.0,490000.0,-164617.86422008893,-0.3899680946768969,422131.6217073629,5065579.460488355
2027-08,upside,886.0489861103109,56.25,19.02049021304709,4.692936972269644,3081.5282132156885,411659.0325697519,32764.619387880943,444423.65195763286,0.8941686636891168,1.052808245352734,101868.78085416435,4095.5774234851187,342554.8711034685,0.7707845196684637,180000.0,220000.0,90000.0,490000.0,-147445.12889653147,-0.33176706110724163,444423.65195763286,5333083.823491594
2027-09,upside,922.6455942308856,56.25,19.65339187942529,4.732164405681925,3115.617730026163,432244.9533677859,34495.331662995275,466740.2850307812,0.8843971769077373,1.0502147736171246,106994.77916464627,4311.9164578744085,359745.5058661349,0.7707616364043013,180000.0,220000.0,90000.0,490000.0,-130254.49413386511,-0.2790727484028402,466740.2850307812,5600883.420369374
2027-10,upside,958.6200600134106,56.25,20.27553421747506,4.771643880807555,3150.05161506325,452845.1607948538,36236.43201932729,489081.5928141811,0.8749451432905156,1.047866679821577,112127.50442153576,4529.55400241591,376954.08839264535,0.7707386536950761,180000.0,220000.0,90000.0,490000.0,-113045.91160735465,-0.23113916628284284,489081.5928141811,5868979.113770174
2027-11,upside,993.9829598776327,56.25,20.887100135777985,4.811371068986661,3184.828474733503,473459.6647658761,37987.98280821808,511447.6475740942,0.8657793446517004,1.0457307228252417,117266.98031732798,4748.4978510272595,394180.66725676623,0.7707155739721351,180000.0,220000.0,90000.0,490000.0,-95819.33274323377,-0.18734924913180342,511447.6475740942,6137371.77088913
2027-12,upside,1028.7446904441629,56.25,21.488269433469757,4.851342344872665,3219.94750207749,494088.47520265426,39750.046755253956,533838.5219579082,0.8568721358049147,1.0437794063381045,122413.23067514654,4968.7558444067445,411425.2912827616,0.7706923992180569,180000.0,220000.0,90000.0,490000.0,-78574.70871723839,-0.1471881580015198,533838.5219579082,6406062.263494898
2028-01,upside,1062.915471591062,56.25,22.07921885310077,4.891554644199997,3255.408361271824,514731.6020338756,41522.68696251273,556254.2889963883,0.8482002932967334,1.0419897892648662,127566.27944951953,5190.335870314091,428688.0095468688,0.7706691310557288,180000.0,220000.0,90000.0,490000.0,-61311.990453131206,-0.11022295318163254,556254.2889963883,6675051.46795666
2028-02,upside,1096.505349458464,56.25,22.660122132598055,4.932005354252944,3291.2110986820708,535389.0551951178,43305.96691082351,578695.0221059413,0.8397441388040039,1.0403425799197725,132726.15072716004,5413.245863852939,445968.8713787813,0.770645770816978,180000.0,220000.0,90000.0,490000.0,-44031.128621218726,-0.07608693169846893,578695.0221059413,6944340.265271296
2028-03,upside,1129.52419940212,56.25,23.23115005634389,4.972692228590883,3327.3560736098993,556060.8446288538,45099.95046204004,601160.7950908939,0.8314868636578913,1.0388214381094845,137892.86872775166,5637.493807755005,463267.9263631422,0.7706223195960364,180000.0,220000.0,90000.0,490000.0,-26732.073636857793,-0.04446742677691744,601160.7950908939,7213929.541090727
2028-04,upside,1161.981728896734,56.25,23.792470505386042,5.013613319988879,3363.843903829585,576746.9802844569,46904.70186132769,623651.6821457846,0.8234140026299709,1.0374124314801503,143066.45780473857,5863.08773266596,480585.22434104607,0.7705987782916052,180000.0,220000.0,90000.0,490000.0,-9414.775658953935,-0.015096208233674161,623651.6821457846,7483820.185749415
2028-05,upside,1193.8874803899396,56.25,24.34424850679448,5.054766927213179,3400.6754223571834,597447.472118205,48720.28573946413,646167.7578576691,0.8155130198578139,1.0361036077613293,148246.94244612023,6090.035717433017,497920.81541154895,0.7705751476402597,180000.0,220000.0,90000.0,490000.0,7920.815411548945,0.01225814088559593,646167.7578576691,7754013.09429203
2028-06,upside,1225.2508341077605,56.25,24.886646282178976,5.096151552415148,3437.8516428408566,618162.3300932857,50546.76711515393,668709.0972084396,0.8077729799772476,1.0348846550708517,153434.34727525094,6318.345889394242,515274.74993318866,0.770551428243207,180000.0,220000.0,90000.0,490000.0,25274.749933188665,0.037796330330631664,668709.0972084396,8024509.166501275
2028-07,upside,1256.0810108123785,56.25,25.41982329538193,5.137765866754488,3475.3737316325023,638891.564179801,52384.21139735689,691275.775577158,0.8001842846760063,1.0337466298319016,158628.69705164435,6548.0264246696115,532647.0785255136,0.7705276205878869,180000.0,220000.0,90000.0,490000.0,42647.07852551364,0.0616932923620922,691275.775577158,8295309.306925896
2028-08,upside,1286.3870745130182,56.25,25.943936299360438,5.179608682457877,3513.242985084222,659635.1843547724,54232.68438763051,713867.868742403,0.7927384599655766,1.0326817371061245,163830.01667178248,6779.085548453813,550037.8520706205,0.7705037250655414,180000.0,220000.0,90000.0,490000.0,60037.852070620516,0.08410219131502189,713867.868742403,8566414.424908835
2028-09,upside,1316.1779351307468,56.25,26.45913938227131,5.221678929952692,3551.4608109651363,680393.2006021453,56092.252282486326,736485.4528846316,0.7854279831272558,1.031683151928484,169038.33116992973,7011.531535310791,567447.1217147019,0.7704797419856043,180000.0,220000.0,90000.0,490000.0,77447.12171470188,0.1051577073401255,736485.4528846316,8837825.434615579
2028-10,upside,1345.462351117974,56.25,26.9655840127727,5.263975639034554,3590.0287131531372,701165.6229127939,57962.98167576065,759128.6045885546,0.7782461409540453,1.030744872984572,174253.66571895208,7245.372709470083,584874.9388696025,0.7704556715875606,180000.0,220000.0,90000.0,490000.0,94874.93886960251,0.1249787431222203,759128.6045885546,9109543.255062655
2028-11,upside,1374.2489320334184,56.25,27.46341908455556,5.3064979232647245,3628.9482789488297,721952.4612845259,59844.9395609993,781797.4008455252,0.7711869128730009,1.0298616019999103,179476.04563114047,7480.617445124912,602321.3552143847,0.7704315140507828,180000.0,220000.0,90000.0,490000.0,112321.35521438473,0.14367066850427945,781797.4008455252,9381568.810146302
2028-12,upside,1402.5461410733003,56.25,27.95279096011812,5.349244966971534,3668.2211685035595,742753.7257220881,61738.19333385672,804491.9190559449,0.7642448739929778,1.0290286437200677,184705.49635903997,7717.27416673209,619786.422696905,0.770407269502734,180000.0,220000.0,90000.0,490000.0,129786.42269690498,0.1613271925082936,804491.9190559449,9653903.02867134
2026-01,downside,32.0625,33.75,1.6875,4.034,2527.625,12804.672375,972.50371875,13777.17609375,,,3152.54170546875,121.56296484375,10624.63438828125,0.7711764962560872,180000.0,220000.0,90000.0,490000.0,-479375.36561171873,-34.79489282489369,13777.17609375,165326.113125
2026-02,downside,62.521875,33.75,3.2906250000000004,4.050704897435898,2541.2320479166665,25072.50886067813,1906.5911093500783,26979.09997002821,1.9332204632328558,1.9582459995025574,6173.725882074966,238.32388866875976,20805.37408795324,0.771166351400398,180000.0,220000.0,90000.0,490000.0,-469194.62591204676,-17.391040710523605,26979.09997002821,323749.1996403385
2026-03,downside,91.45828125,33.75,4.813593750000001,4.067209197017091,2554.6982318809764,36826.016301694195,2803.779712802977,39629.79601449717,1.4441262998314641,1.46890726742267,9069.027587289751,350.47246410037206,30560.768427207422,0.7711563394378269,180000.0,220000.0,90000.0,490000.0,-459439.2315727926,-11.59327772983547,39629.79601449717,475557.5521739661
2026-04,downside,118.94786718750001,33.75,6.260414062500001,4.083510189753079,2568.0207711430494,48086.75794324567,3665.5271234479774,51752.28506669365,1.278628620832126,1.3058932992681034,11843.6936051036,458.19089043099723,39908.591461590055,0.7711464606859288,180000.0,220000.0,90000.0,490000.0,-450091.40853841,-8.697034497285927,51752.28506669365,621027.4208003238
2026-05,downside,145.7502134765625,33.75,6.947653710937501,4.10318481007986,2584.1341370784085,59205.966138289885,4519.657225575008,63725.62336386489,1.1997458829305834,1.2313586401400651,14584.594293247152,564.9571531968759,49141.02907061774,0.77113453704531,180000.0,220000.0,90000.0,490000.0,-440858.97092938225,-6.91808016395753,63725.62336386489,764707.4803663787
2026-06,downside,171.88250110839843,33.75,7.617712368164064,4.124582954190205,2601.6985037384675,70185.41978533263,5366.237351430549,75551.65713676318,1.1490188970626476,1.1855773729410728,17292.14423901672,670.7796689288185,58259.51289774646,0.7711215756960224,180000.0,220000.0,90000.0,490000.0,-431740.48710225354,-5.714507179117453,75551.65713676318,906619.8856411582
2026-07,downside,197.36148154943848,33.75,8.271019558959962,4.146975796336519,2620.1221355223793,81026.87542434914,6205.334238086106,87232.20966243524,1.1128278892396353,1.1546035251685876,19966.752905496516,775.6667797607631,67265.45675693873,0.7711080232546856,180000.0,220000.0,90000.0,490000.0,-422734.5432430613,-4.846083171330042,87232.20966243524,1046786.515949223
2026-08,downside,222.20348747945252,33.75,8.907994069985964,4.169990989315813,2639.1027553628833,91732.06751780274,7037.014032699182,98769.08155050193,1.0851345624804183,1.1322547248626535,22608.82469519782,879.6267540873976,76160.2568553041,0.7710941081937911,180000.0,220000.0,90000.0,490000.0,-413839.7431446959,-4.189972576925242,98769.08155050193,1185228.9786060231
2026-09,downside,246.4244432612162,33.75,9.529044218236315,4.193417992744187,2658.4694662353104,102302.70872813174,7861.34229772775,110164.05102585949,1.0628509568108324,1.1153698029431525,25218.759012905055,982.6677872159685,84945.29201295444,0.7710799595869501,180000.0,220000.0,90000.0,490000.0,-405054.7079870456,-3.6768319993240315,110164.05102585949,1321968.6123103139
2026-10,downside,270.0398751484358,33.75,10.134568112780405,4.217128413326766,2678.1180653808647,112740.49019174842,8678.384016098631,121418.87420784705,1.0442334476809527,1.1021642094420225,27796.95032773868,1084.7980020123287,93621.92388010837,0.7710656559032547,180000.0,220000.0,90000.0,490000.0,-396378.0761198916,-3.2645507439095867,121418.87420784705,1457026.4904941646
2026-11,downside,293.0649212384749,33.75,10.724953909960895,4.241039189555978,2697.981149317133,123047.08178959429,9488.203596330188,132535.28538592448,1.0282228134801943,1.0915542270557388,30343.78823444466,1186.0254495412732,102191.49715147982,0.7710512476274697,180000.0,220000.0,90000.0,490000.0,-387808.5028485202,-2.926077396817574,132535.28538592448,1590423.4246310936
2026-12,downside,315.51434117626303,33.75,11.300580062211873,4.265093948497636,2718.012975058586,133224.1324142947,10290.864877609734,143514.99729190444,1.0141383024883317,1.0828436885619446,32859.65751392019,1286.3581097012168,110655.33977798425,0.771036768742121,180000.0,220000.0,90000.0,490000.0,-379344.66022201575,-2.643240548933308,143514.99729190444,1722179.9675028534
2027-01,downside,337.40252561560646,33.75,11.861815560656575,4.289252865542268,2738.181225969971,143273.27023395593,11086.43113482607,154359.701368782,1.0015223399955864,1.0755649533603782,35344.938192985304,1385.8038918532586,119014.76317579669,0.7710222429846347,180000.0,220000.0,90000.0,490000.0,-370985.2368242033,-2.403381410656396,154359.701368782,1852316.416425384
2027-02,downside,358.7435054439663,33.75,12.409020171640162,4.313486822416536,2758.4622679235113,153196.1029526463,11874.965083557527,165071.06803620383,0.9900559016631864,1.0693922479276583,37800.00560340953,1484.3706354446906,127271.0624327943,0.7710076874578704,180000.0,220000.0,90000.0,490000.0,-362728.9375672057,-2.1974107387955533,165071.06803620383,1980852.8164344458
2027-03,downside,379.55096077661716,33.75,12.942544667349159,4.3377738782120785,2778.8382836916003,162994.2180676036,12656.528885015914,175650.74695261952,0.9795096815837947,1.0640916608965985,40225.23044020328,1582.0661106269893,135425.51651241624,0.7709931148140592,180000.0,220000.0,90000.0,490000.0,-354574.48348758376,-2.018633507907755,175650.74695261952,2107808.9634314342
2027-04,downside,399.8382297259517,33.75,13.46273105066543,4.362097051240274,2799.2954717696057,172669.1831232098,13431.184150946785,186100.3672741566,0.9697145546964338,1.0594908960128464,42620.9788191828,1678.8980188683477,143479.3884549738,0.7709785346291389,180000.0,220000.0,90000.0,490000.0,-346520.6115450262,-1.8620092835955775,186100.3672741566,2233204.4072898794
2027-05,downside,419.6183169515529,33.75,13.969912774398795,4.386442876858878,2819.8228753134786,182222.54596177334,14198.991948486366,196421.5379102597,0.9605429889239411,1.05546023786669,44987.61233381793,1774.8739935607957,151433.92557644178,0.7709639542972538,180000.0,220000.0,90000.0,490000.0,-338566.0744235582,-1.723670825641539,196421.5379102597,2357058.4549231166
2027-06,downside,438.9039019965141,33.75,14.464414955038823,4.410800442089906,2840.411598249737,191655.83497115973,14960.012804975575,206615.8477761353,0.9518969469424403,1.0519001631609928,47325.48811137171,1870.0016006219469,159290.35966476362,0.7709493796301238,180000.0,220000.0,90000.0,490000.0,-330709.6403352364,-1.6006015215907086,206615.8477761353,2479390.1733136238
2027-07,downside,457.70734741535125,33.75,14.946554581162854,4.435160722794458,2861.0542670750383,200970.55932930933,15714.306712731453,216684.86604204078,0.9436997795551516,1.0487330394753411,49634.9588683404,1964.2883390914317,167049.9071737004,0.7709348152689616,180000.0,220000.0,90000.0,490000.0,-322950.0928262996,-1.4904136995134742,216684.86604204078,2600218.3925044895
2027-08,downside,476.0407066987175,33.75,15.416640716633783,4.459516118325187,2881.7446530182083,210168.2092456825,16461.93313377646,226630.14237945894,0.9358906542845871,1.0458974201524927,51916.37296520302,2057.7416417220575,174713.76941425592,0.7709202649739475,180000.0,220000.0,90000.0,490000.0,-315286.2305857441,-1.3911928363785058,226630.14237945894,2719561.708553507
2027-09,downside,493.91573199999954,33.75,15.874974698717939,4.483860118312476,2902.477401503711,219250.25619966918,17202.951004525945,236453.20720419512,0.9284206400034039,1.0433440350061154,54170.07446048867,2150.368875565743,182283.13274370646,0.7709057318317162,180000.0,220000.0,90000.0,490000.0,-307716.86725629354,-1.3013858889660013,236453.20720419512,2837438.4864503415
2027-10,downside,511.34388166874953,33.75,16.32185033124999,4.50818705983465,2923.2478350146916,228218.153176003,17937.418740434172,246155.57191643715,0.9212499004201392,1.0410329165206176,56396.40316417044,2242.177342554271,189759.1687522667,0.770891218406726,180000.0,220000.0,90000.0,490000.0,-300240.8312477333,-1.2197198255973527,246155.57191643715,2953866.862997246
2027-11,downside,528.3363275957809,33.75,16.757554072968738,4.532491947646356,2944.051807166256,237073.33489721548,18665.3942405993,255738.72913781478,0.9143456465499306,1.0389313032679628,58595.694690394164,2333.1742800749125,197143.03444742062,0.7708767268534537,180000.0,220000.0,90000.0,490000.0,-292856.9655525794,-1.1451412405930976,255738.72913781478,3068864.749653777
2027-12,downside,544.9039623746363,33.75,17.18236522114452,4.556770319189083,2964.8855931482803,245817.21805316952,19386.934892327663,265204.1529454972,0.9076806190215455,1.0370120858877874,60768.280509550335,2423.366861540958,204435.87243594686,0.7708622590007519,180000.0,220000.0,90000.0,490000.0,-285564.12756405317,-1.076770949445653,265204.1529454972,3182449.8353459663
2028-01,downside,561.0574062840204,33.75,17.59655609061591,4.5810181419197304,2985.7458064165685,254451.20152770716,20102.097575657655,274553.2991033648,0.901231946869672,1.0352526385957048,62914.48799969746,2512.762196957206,211638.81110366737,0.7708478164161081,180000.0,220000.0,90000.0,490000.0,-278361.18889633263,-1.0138694009702438,274553.2991033648,3294639.589240378
2028-02,downside,576.8070140956698,33.75,18.00039218835051,4.6052317343054066,3006.629334606756,262976.6666224492,20810.938667843682,283787.6052902929,0.894980278172676,1.0336339290661793,65034.640497344895,2601.36733348046,218752.96479294798,0.7708334004551768,180000.0,220000.0,90000.0,490000.0,-271247.035207052,-0.955810014780551,283787.6052902929,3405451.2634835145
2028-03,downside,592.1628817120281,33.75,18.394132383641747,4.629407704381273,3027.5332897149574,271394.97727778164,21513.514047800472,292908.4913255821,0.8889091098650346,1.0321398322733626,67129.05734760311,2689.1892559750586,225779.43397797897,0.7708190123003779,180000.0,220000.0,90000.0,490000.0,-264220.566022021,-0.9020584033814402,292908.4913255821,3514901.895906985
2028-04,downside,607.1348526379775,33.75,18.778029074050703,4.653542901502342,3048.4549689972755,279707.48029106495,22209.879100508057,301917.359391573,0.8830042654389559,1.0307565957723537,69198.05395370956,2776.2348875635066,232719.30543786346,0.7708046529912749,180000.0,220000.0,90000.0,490000.0,-257280.69456213654,-0.8521560173969833,301917.359391573,3623008.312698876
2028-05,downside,621.732524290778,33.75,19.152328347199436,4.677634378118875,3069.39182401366,287915.5055321,22900.08872137786,310815.5942534778,0.8772534838063507,1.0294724188096922,71241.94182593736,2862.5110901722323,239573.65242754045,0.7707903234487077,180000.0,220000.0,90000.0,490000.0,-250426.34757245955,-0.8057071530594783,310815.5942534778,3729787.1310417335
2028-06,downside,635.9652541522586,33.75,19.517270138519446,4.701679359246016,3090.3414359245553,296020.3661558868,23584.197320580188,319604.563476467,0.8716460926600716,1.0282771179615318,73261.02862989526,2948.024665072523,246343.53484657174,0.770776024494126,180000.0,220000.0,90000.0,490000.0,-243656.46515342826,-0.7623685422482057,319604.563476467,3835254.7617176035
2028-07,downside,649.8421657672021,33.75,19.87308838505646,4.7256752178963914,3111.3014956343895,304023.3588127084,24262.258827333444,328285.61764004186,0.8661727467393053,1.0271618592336342,75255.6182342259,3032.7823534166805,253029.99940581596,0.7707617568652,180000.0,220000.0,90000.0,490000.0,-236970.00059418404,-0.7218409453868203,328285.61764004186,3939427.4116805024
2028-08,downside,663.3721545917721,33.75,20.22001117543005,4.749619455175018,3132.2697877256646,311925.7638555746,24934.32669415544,336860.09054973006,0.8608252164307604,1.0261189417048722,77226.01075771004,3116.79083676943,259634.07979202003,0.7707475212285223,180000.0,220000.0,90000.0,490000.0,-230365.92020797997,-0.6838623115966047,336860.09054973006,4042321.086596761
2028-09,downside,676.5638936957278,33.75,20.558260896044295,4.773509684049705,3153.244177382218,319728.8455450582,25600.45390107715,345329.29944613535,0.8555962157583972,1.0251416215040023,79172.50261578443,3200.0567376346435,266156.79683035094,0.7707333181900085,180000.0,220000.0,90000.0,490000.0,-223843.20316964906,-0.6482021755138221,345329.29944613535,4143951.5933536245
2028-10,downside,689.4258393220846,33.75,20.888054373643193,4.79734361604117,3174.2225996878587,327433.85225155717,26260.69295981917,353694.54521137633,0.8504792614535125,1.0242239676119511,81095.3865664802,3282.5866199773973,272599.1586448961,0.7707191483034728,180000.0,220000.0,90000.0,490000.0,-217400.84135510388,-0.6146570375440196,353694.54521137633,4244334.542536516
2028-11,downside,701.9662363077824,33.75,21.209603014302115,4.821119050249068,3195.203050826199,335042.01665501384,26915.09591793133,361957.1125729452,0.8454685567412504,1.0233607429728127,82994.95175578936,3364.386989741416,278962.16081715585,0.7707050120777407,180000.0,220000.0,90000.0,490000.0,-211037.83918284415,-0.5830465319017973,361957.1125729452,4343485.350875342
2028-12,downside,714.1931233688379,33.75,21.52311293894456,4.844833864259249,3216.183580812383,342554.5559421245,27563.714362895626,370118.27030502015,0.8405588949265644,1.0225473058784837,84871.48376246638,3445.464295361953,285246.7865425538,0.7706909099825782,180000.0,220000.0,90000.0,490000.0,-204753.2134574462,-0.5532102300399976,370118.27030502015,4441419.243660241
